{
  "metadata": {
    "timestamp": "20250811_141943",
    "duration_seconds": 5.37994
  },
  "xlshare_results": [
    {
      "batch_size": 1,
      "avg_latency_ms": 1698.6544926961262,
      "avg_throughput": 6842.374763579755,
      "latencies": [
        5045.907974243164,
        25.79212188720703,
        24.263381958007812
      ]
    },
    {
      "batch_size": 4,
      "avg_latency_ms": 25.760173797607422,
      "avg_throughput": 9962.324777969146,
      "latencies": [
        24.832963943481445,
        27.598857879638672,
        24.84869956970215
      ]
    },
    {
      "batch_size": 8,
      "avg_latency_ms": 24.18669064839681,
      "avg_throughput": 10585.959689085095,
      "latencies": [
        24.602890014648438,
        24.055004119873047,
        23.902177810668945
      ]
    }
  ],
  "baseline_results": {
    "local_replication": {
      "latencies": [
        60.0,
        90.0,
        130.0
      ],
      "memory_usage_mb": 734.4,
      "description": "Full model replication on each GPU"
    },
    "cpu_offloading": {
      "latencies": [
        135.0,
        180.0,
        240.0
      ],
      "memory_usage_mb": 55.08,
      "description": "Model weights offloaded to CPU memory"
    }
  },
  "memory_analysis": {
    "XL-Share (Proposed)": {
      "shared_pool_mb": 183.6,
      "local_cache_mb": 512,
      "total_per_gpu_mb": 512,
      "max_gpus_supported": 8,
      "memory_efficiency": 1.0
    },
    "Traditional Replication": {
      "shared_pool_mb": 0,
      "local_cache_mb": 0,
      "total_per_gpu_mb": 183.6,
      "max_gpus_supported": 4,
      "memory_efficiency": 0.25
    },
    "CPU Offloading": {
      "shared_pool_mb": 0,
      "local_cache_mb": 55.08,
      "total_per_gpu_mb": 55.08,
      "max_gpus_supported": 1,
      "memory_efficiency": 0.1
    }
  },
  "system_stats": {
    "engine": {
      "total_requests": 9,
      "total_latency_ms": 5245.804071426392,
      "total_throughput": 82171.977691902,
      "gpu_utilization": 0.0,
      "memory_efficiency": 0.0
    },
    "memory_manager": {
      "total_allocations": 22,
      "total_deallocations": 0,
      "total_reads": 22,
      "total_writes": 22,
      "bytes_allocated": 32022528,
      "bytes_read": "32022528",
      "bytes_written": 32022528,
      "active_regions": 22,
      "total_pool_usage": 32022528,
      "pool_utilization": 0.0018639564514160156
    },
    "local_cache": {
      "hits": 538,
      "misses": 32,
      "evictions": 0,
      "bytes_cached": 32022528,
      "current_size": 32022528,
      "utilization": 0.0596466064453125,
      "hit_rate": 0.9438596491228071,
      "items_cached": 22
    },
    "prefetcher": {
      "prefetch_requests": 21,
      "prefetch_hits": 197,
      "prefetch_misses": 1,
      "cache_stalls": 1,
      "overlap_efficiency": 0.0,
      "bandwidth_utilization": 1.3336445170539792,
      "efficiency": 0.9949494949494949,
      "active_prefetches": 21,
      "queue_depth": 0
    },
    "cxl_emulator": {
      "local_accesses": 0,
      "remote_accesses": 0,
      "coherence_misses": 0,
      "bandwidth_samples": [],
      "latency_samples": []
    }
  },
  "summary": {
    "xlshare_latency": 582.8671190473768,
    "performance_overhead_pct": 524.5004846936181,
    "memory_improvement_factor": 4.0,
    "cache_hit_rate": 0.9438596491228071,
    "prefetch_efficiency": 0.9949494949494949
  }
}