{
  "metadata": {
    "timestamp": "20250810_143930",
    "duration_seconds": 5.37833
  },
  "xlshare_results": [
    {
      "batch_size": 1,
      "avg_latency_ms": 1697.1585750579834,
      "avg_throughput": 6938.0442992548915,
      "latencies": [
        5042.15669631958,
        24.52874183654785,
        24.790287017822266
      ]
    },
    {
      "batch_size": 4,
      "avg_latency_ms": 24.917761484781902,
      "avg_throughput": 10280.200559311275,
      "latencies": [
        25.606632232666016,
        24.10435676574707,
        25.042295455932617
      ]
    },
    {
      "batch_size": 8,
      "avg_latency_ms": 24.013519287109375,
      "avg_throughput": 10665.207163638888,
      "latencies": [
        24.583816528320312,
        24.079322814941406,
        23.377418518066406
      ]
    }
  ],
  "baseline_results": {
    "local_replication": {
      "latencies": [
        60.0,
        90.0,
        130.0
      ],
      "memory_usage_mb": 734.4,
      "description": "Full model replication on each GPU"
    },
    "cpu_offloading": {
      "latencies": [
        135.0,
        180.0,
        240.0
      ],
      "memory_usage_mb": 55.08,
      "description": "Model weights offloaded to CPU memory"
    }
  },
  "memory_analysis": {
    "XL-Share (Proposed)": {
      "shared_pool_mb": 183.6,
      "local_cache_mb": 512,
      "total_per_gpu_mb": 512,
      "max_gpus_supported": 8,
      "memory_efficiency": 1.0
    },
    "Traditional Replication": {
      "shared_pool_mb": 0,
      "local_cache_mb": 0,
      "total_per_gpu_mb": 183.6,
      "max_gpus_supported": 4,
      "memory_efficiency": 0.25
    },
    "CPU Offloading": {
      "shared_pool_mb": 0,
      "local_cache_mb": 55.08,
      "total_per_gpu_mb": 55.08,
      "max_gpus_supported": 1,
      "memory_efficiency": 0.1
    }
  },
  "system_stats": {
    "engine": {
      "total_requests": 9,
      "total_latency_ms": 5238.269567489624,
      "total_throughput": 83650.35606661515,
      "gpu_utilization": 0.0,
      "memory_efficiency": 0.0
    },
    "memory_manager": {
      "total_allocations": 22,
      "total_deallocations": 0,
      "total_reads": 22,
      "total_writes": 22,
      "bytes_allocated": 32022528,
      "bytes_read": "32022528",
      "bytes_written": 32022528,
      "active_regions": 22,
      "total_pool_usage": 32022528,
      "pool_utilization": 0.0018639564514160156
    },
    "local_cache": {
      "hits": 538,
      "misses": 33,
      "evictions": 0,
      "bytes_cached": 32022528,
      "current_size": 32022528,
      "utilization": 0.0596466064453125,
      "hit_rate": 0.9422066549912435,
      "items_cached": 22
    },
    "prefetcher": {
      "prefetch_requests": 21,
      "prefetch_hits": 197,
      "prefetch_misses": 1,
      "cache_stalls": 1,
      "overlap_efficiency": 0.0,
      "bandwidth_utilization": 1.303228749226208,
      "efficiency": 0.9949494949494949,
      "active_prefetches": 21,
      "queue_depth": 0
    },
    "cxl_emulator": {
      "local_accesses": 0,
      "remote_accesses": 0,
      "coherence_misses": 0,
      "bandwidth_samples": [],
      "latency_samples": []
    }
  },
  "summary": {
    "xlshare_latency": 582.0299519432916,
    "performance_overhead_pct": 523.603519939241,
    "memory_improvement_factor": 4.0,
    "cache_hit_rate": 0.9422066549912435,
    "prefetch_efficiency": 0.9949494949494949
  }
}